art_id,art_name,art_name_first,art_name_nick,art_name_last,art_name_group,art_year_birth,art_place_birth,art_year_death,art_place_death,art_place_living_working,art_nationality,art_area,art_bio,art_image,art_url
1,Andrzej Czeczot (†),Andrzej,,Czeczot,,1933,,2012,,,Poland,Europe,,,
2,Andrzej Dudziński (†),Andrzej,Dudi,Dudziński,,1945,,2023,,,Poland,Europe,,,
3,Anna Gałuszka,Anna,,Gałuszka,,,,,,,Poland,Europe,,,
4,Adrian Buschmann,Adrian,,Buschmann,,1976,Katowice,,,,Poland,Europe,,,
5,Adriana Marmorek,Adriana,,Marmorek,,1969,,,,Bogotá,Colombia,America (South),,,
6,AESOP,,,,AESOP Association of European Schools of Planning,,,,,Saint Petersburg,Russia,Europe,,,
7,Ahn In-Kun,Ahn,,In-Kun,,,,,,,South Korea,Asia,,,
8,Aids Hilfe Moskau,,,,Aids Hilfe Moskau,,,,,Moscow,Russia,Europe,,,
9,Alan Kline,Alan,,Kline,,,,,,,,Europe,,,
10,Albert Pall,Albert,,Pall,,1959,Zell am See,,,Graz,Austria,Europe,,,
11,Alberto López Meza,Alberto,,López Meza,,,,,,,Nicaragua,America (Central),,,
12,Alena Baich,Alena,,Baich,,1973,Graz,,,Vienna,Austria,Europe,,,
13,Aleš Zemene,Aleš,,Zemene,,1968,,,,Prague,Czech Republic,Europe,,,
14,Alex Klein,Alex,,Klein,,1960,Vienna,,,Vienna,Austria,Europe,,,
15,Alexander Kazakov,Alexander,,Kazakov,,,,,,Moscow,Russia,Europe,,,
16,Alexander Liaschenko Petljura,Alexander,,Petljura,,1955,Moscow,,,Moscow,Russia,Europe,,,
17,Alexander Lugin,Alexander,,Lugin,,,,,,Moscow,Russia,Europe,,,
18,Alexander Petrelli,Alexander,,Petrelli,,1968,Odessa,,,Moscow,Russia,Europe,,,
19,Alexandra Riewe,Alexandra,,Riewe,,1962,Vienna,,,,Austria,Europe,,,
20,Alfred Grasselli,Alfred,,Grasselli,,1954,Vienna,,,Vienna,Austria,Europe,,,
21,Alfred Lang,Alfred,,Lang,,1968,,,,,Austria,Europe,,,
22,Alfredo Gómez,Alfredo,,Gómez,,,,,,,Colombia,America (South),,,
23,Ambra Polidori,Ambra,,Polidori,,1954,Mexico City,,,,Mexico,America (North),,,
24,amici delle SVA (Robert Blazek),Robert,,Blazek,amici delle SVA,,,,,,Austria,Europe,,,
25,An Chi-In,An,,Chi-In,,,,,,,South Korea,Asia,,,
26,An Moon-Shik,An,,Moon-Shik,,,,,,,South Korea,Asia,,,
27,Anchelka Mazur,Anchelka,,Mazur,,,,,,,Austria,Europe,,,
28,Andi Strauss,Andi,,Strauss,,1968,,,,Linz,Austria,Europe,,,
29,André Tschinder,André,,Tschinder,,1977,Schwetzingen (D),,,,,Europe,,,
30,Andrea Baumann,Andrea,,Baumann,,1961,Lohr (D),,,Innsbruck,,Europe,,,
31,Andrea Di Castro,Andrea,,Di Castro,,,,,,,,,,,
32,Andrea Schlemmer,Andrea,,Schlemmer,,1971,Graz,,,,Austria,Europe,,,
33,Andrea Sodomka,Andrea,,Sodomka,,1961,Vienna,,,Vienna,Austria,Europe,,,
34,Andrea Speetgens,Andrea,,Speetgens,,,,,,,Austria,Europe,,,
35,Andreas Gasser,Andreas,,Gasser,,,,,,,,,,,
36,Andreas Klöckl,Andreas,,Klöckl,,1968,Graz,,,,Austria,Europe,,,
37,Andreas Kurz,Andreas,,Kurz,,1978,Passau (D),,,,,Europe,,,
38,Andreas Platzer,Andreas,,Platzer,,,,,,,,,,,
39,Andreas Spiegl,Andreas,,Spiegl,,,,,,,,,,,
40,Andreas Unterweger,Andreas,,Unterweger,,,,,,,,,,,
41,Andreij Kislij,Andreij,,Kislij,,,,,,,,,,,
42,Anette Sense,Anette,,Sense,,,,,,,,,,,
43,Angá de la Luz,Angá,,de la Luz,,,,,,,,,,,
44,Angélica Rodríguez,Angélica,,Rodríguez,,,,,,,,,,,
45,Angelika Thon,Angelika,,Thon,,1957,Graz,,,Graz,Austria,Europe,,,
46,Anita Hofer,Anita,,Hofer,,1962,,,,Graz,Austria,Europe,,,
47,Anita Witek,Anita,,Witek,,,,,,,,,,,
48,Anja Wiese,Anja,,Wiese,,,,,,,,,,,
49,Anne Schmees,Anne,,Schmees,,,,,,,,,,,
50,Annelie Gahl,Annelie,,Gahl,,,,,,,,,,,
51,Annette Giesriegl,Annette,,Giesriegl,,,,,,,,,,,
52,anschlaege,,,,anschlaege,,,,,,,,,,
53,Antal Lakner,Antal,,Lakner,,,,,,,,,,,
54,Anton Cierny,Anton,,Cierny,,,,,,,,,,,
55,Anton Lederer,Anton,,Lederer,,,,,,,,,,,
56,Anton Tkachenko,Anton,,Tkachenko,,,,,,,,,,,
57,Antonia Guerrero,Antonia,,Guerrero,,,,,,,,,,,
58,Antonio Albanés,Antonio,,Albanés,,,,,,,,,,,
59,Aristarch Tscherneschov,Aristarch,,Tscherneschov,,,,,,,,,,,
60,Armando Montoya,Armando,,Montoya,,,,,,,Colombia,America (South),,,
61,Armin Pokorn,Armin,,Pokorn,,,,,,,,,,,
62,Arsenije Jovanovic,Arsenije,,Jovanovic,,,,,,,,,,,
63,Assunta Abd El Azim Mohamed,Assunta,,Abd El Azim Mohamed,,,,,,,,,,,
64,Azra Aksamija,Azra,,Aksamija,,,,,,,,,,,
65,Bogusław Balicki,Bogusław,,Balicki,,,,,,,Poland,Europe,,,
66,Bogdan Bartkowski,Bogdan,,Bartkowski,,,,,,,Poland,Europe,,,
67,Baik Kum-Nam,Baik,,Kum-Nam,,,,,,,,,,,
68,"Bananeros/as de Chinandega (Familia López Meza, Familia Morales, Jerónimo Lira, Francisco González y otros más)",,,,"Bananeros/as de Chinandega (Familia López Meza, Familia Morales, Jerónimo Lira, Francisco González y otros más)",,,,,,,,,,
69,Barbara Musil,Barbara,,Musil,,,,,,,,,,,
70,Barbara Schmette,Barbara,,Schmette,,,,,,,,,,,
71,Barbara Teubl,Barbara,,Teubl,,,,,,,,,,,
72,Barbara Waschmann,Barbara,,Waschmann,,,,,,,,,,,
73,Bastian Schwind,Bastian,,Schwind,,,,,,,,,,,
74,bb15,,,,bb15,,,,,,,,,,
75,Beate Schachinger,Beate,,Schachinger,,,,,,,,,,,
76,Beatriz Franco,Beatriz,,Franco,,,,,,,Colombia,America (South),,,
77,Benjamin Klug,Benjamin,,Klug,,,,,,,,,,,
78,Bernadette Moser,Bernadette,,Moser,,,,,,,,,,,
79,Bernd Oppel,Bernd,,Oppel,,,,,,,,,,,
80,Berndt Luef,Berndt,,Luef,,1952,Knittelfeld,,,,Austria,Europe,,,
81,Bernhard Breuer,Bernhard,,Breuer,,,,,,,,,,,
82,Bernhard Hammer,Bernhard,,Hammer,,,,,,,,,,,
83,Bernhard Wolf,Bernhard,,Wolf,,,,,,,,,,,
84,Besucher*innen,,,,Besucher*innen,,,,,,,,,,
85,Bettina Landl,Bettina,,Landl,,,,,,,,,,,
86,Billy Roisz,Billy,,Roisz,,1967,Vienna,,,Vienna,Austria,Europe,,,
87,Birgit Jürgensen (†),Birgit,,Jürgensen,,1949,Vienna,2003,,Vienna,Austria,Europe,,,
88,Birgit Pölzl,Birgit,,Pölzl,,,,,,,,,,,
89,Bojan Petrovic,Bojan,,Petrovic,,,,,,,,,,,
90,Boris Matrosov,Boris,,Matrosov,,,,,,,,,,,
91,Bostjan Perovsek,Bostjan,,Perovsek,,,,,,,,,,,
92,Branka Ćurčić,Branka,,Ćurčić,,,,,,,,,,,
93,Breda Susa,Breda,,Susa,,,,,,,,,,,
94,Bronislava Anatolejevnaja Dubner,Bronislava,,Anatolejevnaja Dubner,,,,,,,,,,,
95,Bruno Frei,Bruno,,Frei,,,,,,,,,,,
96,Bulbul,,,,Bulbul,,,,,,,,,,
97,"Cabinet Caligari (Peter Deutschmeister, Heinz Hutter, Leo Kreisel-Strausz)",,,,"Cabinet Caligari (Peter Deutschmeister, Heinz Hutter, Leo Kreisel-Strausz)",,,,,,,,,,
98,Cándida Meza Alvarado,Cándida,,Meza Alvarado,,,,,,,,,,,
99,Carsten Stabenow – tuned city,Carsten,,Stabenow,,,,,,,,,,,
100,Catalina Peralta,Catalina,,Peralta,,1963,Bogotá,,,,Colombia,America (South),,,
101,Catherine Rollier,Catherine,,Rollier,,1955,Biel-Bienne (CH),,,Vienna,Switzerland,Europe,,,
102,Catrin Bolt,Catrin,,Bolt,,1979,Friesach,,,Vienna,Austria,Europe,,,
103,Celia Carolina López Meza,Celia Carolina,,López Meza,,,,,,,,,,,
104,Cho Choul-Ho,Cho,,Choul-Ho,,,,,,,South Korea,Asia,,,
105,Cho Tae-Hee,Cho,,Tae-Hee,,,,,,,South Korea,Asia,,,
106,Choi Eun-Kyu,Choi,,Eun-Kyu,,,,,,,South Korea,Asia,,,
107,Choi Jae-Hwang,Choi,,Jae-Hwang,,,,,,,South Korea,Asia,,,
108,Christian Bachler,Christian,,Bachler,,1960,St. Johann in Tirol,,,Graz,Austria,Europe,,,
109,Christian KRI Kammerhofer,Christian,KRI,Kammerhofer,,1971,Bruck/Mur,,,,Austria,Europe,,,
110,Christian Ruck,Christian,,Ruck,,,,,,,,,,,
111,Christiane Spatt,Christiane,,Spatt,,,,,,,,,,,
112,Christina Meissner,Christina,,Meissner,,,,,,,,,,,
113,Christina Werner,Christina,,Werner,,,,,,,,,,,
114,Christine S. Prantauer,Christine S.,,Prantauer,,,,,,,,,,,
115,Christine Ulm,Christine,,Ulm,,,,,,,,,,,
116,Christof Elpons,Christof,,Elpons,,,,,,,,,,,
117,Christoph Lissy,Christoph,,Lissy,,,,,,,,,,,
118,Christoph Mauz,Christoph,,Mauz,,1971,Wien,,,,Austria,Europe,,,
119,Christoph Zarsel,Christoph,,Zarsel,,,,,,,,,,,
120,Christopher Grüner,Christopher,,Grüner,,,,,,,,,,,
121,Christopher Kalwei,Christopher,,Kalwei,,,,,,,,,,,
122,Chung Chung-Soo,Chung,,Chung-Soo,,,,,,,,,,,
123,Chung U-Chol,Chung,,U-Chol,,,,,,,South Korea,Asia,,,
124,Clarissa Wanko,Clarissa,,Wanko,,,,,,,,,,,
125,Claudia Märzendorfer,Claudia,,Märzendorfer,,1969,Vienna,,,Vienna,Austria,Europe,,,
126,Claudia Plank,Claudia,,Plank,,,,,,,,,,,
127,Clemens Pliem,Clemens,,Pliem,,,,,,,,,,,
128,club real * Berlin,,,,club real (Berlin),,,,,Berlin,Germany,Europe,,,
129,Colectivo Veinti3,,,,Colectivo Veinti3,,,,,,Nicaragua/Costa Rica,America (Central),,,
130,Concha Jerez,Concha,,Jerez,,,,,,,,,,,
131,Conny Köberl,Conny,,Köberl,,1968,,,,,Austria,Europe,,,
132,Consuelo Mora Benard,Consuelo,,Mora Benard,,1981,Granada,,,,Nicaragua,America (Central),,,
133,Cornelia Genschow,Cornelia,,Genschow,,1974,Dresden,,,"Bonn, Grafschaft",Germany,Europe,,,
134,Corona,,,,Corona,,,,,,,,,,
135,Cym (Simone van Groenestijn),Simone,Cym,van Groenestijn,,,,,,"Austria, Netherlands",Netherlands,Europe,,,
136,Dagmar Anna Hödl,Dagmar Anna,,Hödl,,,,,,,Austria,Europe,,,
137,Daniil Filipov,Daniil,,Filipov,,,,,,,,,,,
138,Darwin Andino,Darwin,,Andino,,1983,Tegucigalpa,,,,Honduras,America (Central),,,
139,Dave Allen,Dave,,Allen,,1963,Glasgow,,,Stockholm,,Europe,,,
140,David Kranzelbinder,David,,Kranzelbinder,,1982,Graz,,,"Graz, Slowenien, Südsteiermark",Austria,Europe,,,
141,ddkern (Dieter Kern),Dieter,ddkern,Kern,,,Lustenau,,,Vienna,Austria,Europe,,,
142,de player,,,,de player,,,,,,,,,,
143,Dejan Dukic,Dejan,,Dukic,,1975,Vienna,,,Vienna,Austria,Europe,,,
144,Dejan Lapanja,Dejan,,Lapanja,,1981,,,,,Slovenia,Europe,,,
145,Department München,,,,Department München,,,,,,,,,,
146,Roland derHunt/Ratti Rathmair,Roland,derHunt/Ratti,Rathmair,,,,,,,Austria,Europe,,,
147,"DI Martin Regelsberger, Kulturtechnik u. Wasserwirtschaft",Martin,,Regelsberger,,,,,,,Austria,Europe,,,
148,Diana Levin,Diana,,Levin,,1977,Kraków,,,Vienna,,Europe,,,
149,"Die Jugendlichen (J., A., K., O., M., I., und einige mehr)",,,,"Die Jugendlichen (J., A., K., O., M., I., und einige mehr)",,,,,,,,,,
150,Die Sixtinische Kapelle _ Confuse the nuns,,,,Die Sixtinische Kapelle _ Confuse the nuns,,,,,,,,,,
151,Dieter Glawischnig,Dieter,,Glawischnig,,1938,Graz,,,,Austria,Europe,,,
152,Dietmar Hollenstein,Dietmar,,Hollenstein,,1957,Lustenau,,,,Austria,Europe,,,
153,Dietmar Offenhuber,Dietmar,,Offenhuber,,1973,,,,,Austria,Europe,,,
154,Dimitry Nikolaev,Dimitry,,Nikolaev,,1960,,,,Moscow,Russia,Europe,,,
155,Dinah Geiger,Dinah,,Geiger,,1963,,,,Berlin,"Germany, Switzerland",Europe,,,
156,Donatella Ruttar,Donatella,,Ruttar,,,,,,,,,,,
157,Doris Prlić,Doris,,Prlić,,1984,Salzburg,,,,Austria,Europe,,,
158,Dorothee Steinbauer,Dorothee,,Steinbauer,,1958,Würzburg (D),,,,,Europe,,,
159,Dr. Alfio Borzi,Alfio,,Borzi,,1965,Catania (I),,,,,Europe,,,
160,Dr. Robert Pfaller,Robert,,Pfaller,,1962,Vienna,,,,Austria,Europe,,,
161,Dr. Rudolf Muhr,Rudolf,,Muhr,,1950,Zahling,,,Graz,Austria,Europe,,,
162,Dulce Gómez,Dulce,,Gómez,,,,,,,,,,,
163,Duo MIMESYS,Duo,,MIMESYS,,,,,,,,,,,
164,Durgarski Pozdrav,Durgarski,,Pozdrav,,,,,,,,,,,
165,Dževad Hozo (†),Dževad,,Hozo,,1938,Užice,2020,,,Serbia,Europe,,,
166,Edward Dwurnik (†),Edward,,Dwurnik,,1943,Radzymin,2018,,,Poland,Europe,,,
167,Eugeniusz Get-Stankiewicz (†),Eugeniusz,,Get-Stankiewicz,,1942,Oszmiana (Belarus),2011,,,Poland,Europe,,,
168,e.d gfrerer,e.d,,gfrerer,,1958,Paternion/Kärnten,,,,Austria,Europe,,,
169,EAT Escuela Experimental de Arte (HN/COL),,,,EAT Escuela Experimental de Arte (HN/COL),,,,,,,America (Central),,,
170,Edda Strobl,Edda,,Strobl,,1962,Graz,,,Graz,Austria,Europe,,,
171,Edgar Honetschläger,Edgar,,Honetschläger,,1967,Linz,,,,Austria,Europe,,,
172,Edgar Sorgo,Edgar,,Sorgo,,1963,Villach,,,"Graz, Vienna",Austria,Europe,,,
173,Edgardo Antonio Vigo (†),Edgardo Antonio,,Vigo,,1928,,1997,,,,,,,
174,Edith Arbeláez,Edith,,Arbeláez,,,,,,,Colombia,America (South),,,
175,Eduardo Vélez,Eduardo,,Vélez,,,,,,,,,,,
176,Ekaterina Rischykova,Ekaterina,,Rischykova,,,,,,,,Europe,,,
177,"ekw 14,90",,,,"ekw 14,9",,,,,,,Europe,,,
178,Elektro Guzzi,,,,Elektro Guzzi,,,,,,,Europe,,,
179,Elías Jiménez,Elías,,Jiménez,,,,,,,,,,,
180,Elisabeth Auer,Elisabeth,,Auer,,,,,,,,Europe,,,
181,Elisabeth Harnik,Elisabeth,,Harnik,,,,,,,,Europe,,,
182,Elisabeth Schimana,Elisabeth,,Schimana,,,,,,,,Europe,,,
183,Emil Krištof,Emil,,Krištof,,,,,,,,Europe,,,
184,Emmi Rendl-Denk,Emmi,,Rendl-Denk,,,,,,,,Europe,,,
185,Erin Stewart,Erin,,Stewart,,,,,,,,,,,
186,Ernesto Rico-Schmidt,Ernesto,,Rico-Schmidt,,,,,,,,,,,
187,Ernesto Salmerón,Ernesto,,Salmerón,,,,,,,,,,,
188,Erwin Bohatsch,Erwin,,Bohatsch,,,,,,,,Europe,,,
189,Erwin Michenthaler,Erwin,,Michenthaler,,,,,,,,Europe,,,
190,Erwin Stache,Erwin,,Stache,,,,,,,,Europe,,,
191,Esad Babačić,Esad,,Babačić,,,,,,,,Europe,,,
192,Eva Brede,Eva,,Brede,,,,,,,,Europe,,,
193,Eva Choung-Fux,Eva,,Choung-Fux,,,,,,,,Europe,,,
194,Eva Rossmann,Eva,,Rossmann,,,,,,,,Europe,,,
195,Eva Ursprung,Eva,,Ursprung,,,,,,,,Europe,,,
196,Eva Wohlgemuth,Eva,,Wohlgemuth,,,,,,,,Europe,,,
197,Eva-Maria Gugg,Eva-Maria,,Gugg,,,,,,,,Europe,,,
198,Evelyn Schalk,Evelyn,,Schalk,,1981,Graz,,,Graz,Austria,Europe,,,
199,Ewald Oberleitner,Ewald,,Oberleitner,,,,,,,,Europe,,,
200,Ewald Puhr,Ewald,,Puhr,,,,,,,,Europe,,,
201,Falk Messerschmidt,Falk,,Messerschmidt,,,,,,,,Europe,,,
202,Faroe Gandur,Faroe,,Gandur,,,,,,,,,,,
203,Felipe Ehrenberg,Felipe,,Ehrenberg,,,,,,,,,,,
204,Ferdinand Schmatz,Ferdinand,,Schmatz,,,,,,,,Europe,,,
205,Fikret Libovac,Fikret,,Libovac,,1957,Prijedor (BiH),,,,BiH,Europe,,,
206,firn/Tom Weghofer,Tom,,Weghofer,firn,,,,,,,Europe,,,
207,Flora Neuwirth,Flora,,Neuwirth,,,,,,,,Europe,,,
208,Florian 'Flo' Sorgo,Florian,Flo,Sorgo,,1982,Leoben,,,"Berlin, Graz",Austria,Europe,,,
209,Francesco de Luca,Francesco,,de Luca,,,,,,,,,,,
210,Francisco González (Chico Güirila),Francisco,Chico Güirila,González,,,,,,,,,,,
211,Francisco Klinger Carvalho,Francisco,,Klinger Carvalho,,,,,,,,,,,
212,Francisco Londoño,Francisco,,Londoño,,,,,,,Colombia,America (South),,,
213,Franz Niegelhell,Franz,,Niegelhell,,,,,,,,Europe,,,
214,Franzobel (Franz Stefan Griebl),Franz Stefan,Franzobel,Griebl,,1967,Vöcklabruck,,,,Austria,Europe,,,
215,Freddy Isabel López Álvarez,Freddy Isabel,,López Álvarez,,,,,,,,,,,
216,frei. improvisiert. jazz,,,,frei. improvisiert. jazz,,,,,,,Europe,,,
217,Frie Moschitz,Frie,,Moschitz,,,,,,,,Europe,,,
218,Frie Moschitz & groupe en suite,,,,Frie Moschitz & groupe en suite,,,,,,,Europe,,,
219,Frie Reissig,Frie,,Reissig,,,,,,,,Europe,,,
220,Fritz Bergler,Fritz,,Bergler,,,,,,,,Europe,,,
221,Fritz Fro,Fritz,,Fro,,,,,,,,Europe,,,
222,Fritz Oberleitner,Fritz,,Oberleitner,,,,,,,,Europe,,,
223,Fugu and the Cosmic Mumu,,,,Fugu and the Cosmic Mumu,,,,,,,Europe,,,
224,Grażyna Drzewińska,Grażyna,,Drzewińska,,,,,,,Poland,Europe,,,
225,Geari Schreilechner,Geari,,Schreilechner,,,,,,,,Europe,,,
226,Genoveva Rückert,Genoveva,,Rückert,,,,,,,,Europe,,,
227,Georg Jappe,Georg,,Jappe,,,,,,,,Europe,,,
228,Gerd Jabourek,Gerd,,Jabourek,,,,,,,,Europe,,,
229,Gerd Menia,Gerd,,Menia,,,,,,,,Europe,,,
230,Gerhard Pilgram,Gerhard,,Pilgram,,,,,,,,Europe,,,
231,Gerhard Ruiss,Gerhard,,Ruiss,,1951,Ziersdorf,,,,Austria,Europe,,,
232,German Vinogradov,German,,Vinogradov,,,,,,,,Europe,,,
233,Gernot Tscherteu,Gernot,,Tscherteu,,,,,,,,Europe,,,
234,Gert Langer,Gert,,Langer,,,,,,,,Europe,,,
235,Giberto Chen Carpentier,Giberto,,Chen Carpentier,,,,,,,,,,,
236,Gilles Charalambos,Gilles,,Charalambos,,,,,,,,,,,
237,global bastards,,,,global bastards,,,,,,,,,,
238,Gloria Posada,Gloria,,Posada,,,,,,,Colombia,America (South),,,
239,Gloria Ribe,Gloria,,Ribe,,,,,,,,,,,
240,Gomez-Strausz,(unknown),,Gómez-Strausz,,,,,,,,,,,
241,Gottfried Bechtold,Gottfried,,Bechtold,,,,,,,,Europe,,,
242,Gottfried Krienzer,Gottfried,,Krienzer,,,,,,,,Europe,,,
243,Grace Quintanilla,Grace,,Quintanilla,,,,,,,,,,,
244,Gregor Pokorny,Gregor,,Pokorny,,,,,,,,Europe,,,
245,Gregorio Rocha,Gregorio,,Rocha,,,,,,,,,,,
246,Gruppe “Die Weisheit mit grossen Löffeln gegessen”,,,,Gruppe “Die Weisheit mit grossen Löffeln gegessen”,,,,,,,Europe,,,
247,Gruppe Norden,,,,Gruppe Norden,,,,,,,Europe,,,
248,Gudrun Bielz,Gudrun,,Bielz,,,,,,,,Europe,,,
249,Gue Schmidt,Gue,,Schmidt,,,,,,,,Europe,,,
250,Günter Eichberger,Günter,,Eichberger,,,,,,,,Europe,,,
251,Gustav Böhm,Gustav,,Böhm,,,,,,,,Europe,,,
252,Gustavo Vázquez,Gustavo,,Vázquez,,,,,,,,,,,
253,Henryk Tomaszewski,Henryk,,Tomaszewski,,,,,,,Poland,Europe,,,
254,H.J. Schubert,H.J.,,Schubert,,1956,Leoben,,,Graz,Austria,Europe,,,
255,Halt+Boring,,,,Halt+Boring,,,,,,,Europe,,,
256,Hamza Alshafe,Hamza,,Alshafe,,,,,,,,,,,
257,Han Byung-Ki,Han,,Byung-Ki,,,,,,,South Korea,Asia,,,
258,Hannes Priesch,Hannes,,Priesch,,,,,,,,Europe,,,
259,Hans Kuppelwieser,Hans,,Kuppelwieser,,,,,,,,Europe,,,
260,Hans Puhr,Hans,,Puhr,,,,,,,,Europe,,,
261,Hans Schabus,Hans,,Schabus,,,,,,,,Europe,,,
262,Hans Werner Poschauko,Hans Werner,,Poschauko,,1963,,,,,,Europe,,,
263,Harald Huskava,Harald,,Huskava,,,,,,,,Europe,,,
264,Hari Bukovsec,Hari,,Bukovsec,,,,,,,,,,,
265,Hasan Solmaz,Hasan,,Solmaz,,,,,,,,,,,
266,Haydee Garcia,Haydee,,Garcia,,,,,,,Colombia,America (South),,,
267,Hector Aquilar,Hector,,Aquilar,,,,,,,,,,,
268,Hedya Klein,Hedya,,Klein,,,,,,,,,,,
269,Heidi Ratschop,Heidi,,Ratschop,,,,,,,,Europe,,,
270,HeiDi Richter,HeiDi,,Richter,,,,,,,,Europe,,,
271,Heidrun Langer,Heidrun,,Langer,,,Augsburg,,,Austria,Germany,Europe,,,
272,Heidrun Zettelbauer,Heidrun,,Zettelbauer,,,,,,,,Europe,,,
273,Heimo Puschnigg (†),Heimo,,Puschnigg,,1955,,2021,,,,Europe,,,
274,Heimo Wallner,Heimo,,Wallner,,,,,,,,Europe,,,
275,Helga Glattfelder-Knöbl,Helga,,Glattfelder-Knöbl,,,,,,,,Europe,,,
276,Helga Petrau-Heinzel,Helga,,Petrau-Heinzel,,,,,,,,Europe,,,
277,Helmut Mark,Helmut,,Mark,,,,,,,,Europe,,,
278,Helwig Brunner,Helwig,,Brunner,,,,,,,,Europe,,,
279,Heribert Hirschmann (†),Heribert,,Hirschmann,,1955,Frauenfeld (CH),2016,,Graz,,Europe,,,
280,Hong Hyun-Chul,Hong,,Hyun-Chul,,,,,,,South Korea,Asia,,,
281,Hong Kyoung-A,Hong,,Kyoung-A,,,,,,,South Korea,Asia,,,
282,Hong Seon-Kee,Hong,,Seon-Kee,,,,,,,South Korea,Asia,,,
283,Hubert Höllmüller,Hubert,,Höllmüller,,,,,,,,Europe,,,
284,Hugo Córdoba,Hugo,,Córdoba,,,,,,,Colombia,America (South),,,
285,Hugo Ochoa,Hugo,,Ochoa,,,,,,,,Europe,,,
286,Hunger auf Kunst und Kultur,,,,Hunger auf Kunst und Kultur,,,,,Graz,Austria,Europe,,,
287,IG-Kultur Steiermark,,,,IG-Kultur Steiermark,,,,,,,,,,
288,Ignacio Deserega,Ignacio,,Deserega,,,,,,,,,,,
289,Ilona Nemeth,Ilona,,Nemeth,,,,,,,,,,,
290,Infoladen Graz,,,,Infoladen Graz,,,,,,,Europe,,,
291,Inge Freidl,Inge,,Freidl,,,,,,,,Europe,,,
292,Ingo Abeska,Ingo,,Abeska,,1953,Graz,,,Graz,Austria,Europe,,,
293,Ira Mihalevic,Ira,,Mihalevic,,,,,,,,Europe,,,
294,Irene del Socorro López Meza,Irene del Socorro,,López Meza,,,,,,,,,,,
295,Irene López Meza,Irene,,López Meza,,,,,,,,,,,
296,Isabel Leveche,Isabel,,Leveche,,,,,,,,,,,
297,Isabella Bordoni,Isabella,,Bordoni,,,,,,,,,,,
298,Isabella Hollauf,Isabella,,Hollauf,,,,,,,,,,,
299,Iván Avila,Iván,,Avila,,,,,,,,,,,
300,Ivan Trenev,Ivan,,Trenev,,,,,,,,,,,
301,Ivana Stefanovic,Ivana,,Stefanovic,,,,,,,,,,,
302,Jacek Ćwikła,Jacek,,Ćwikła,,,,,,,Poland,Europe,,,
303,Jerzy Czerniawski,Jerzy,,Czerniawski,,,,,,,Poland,Europe,,,
304,Jakub Erol (†),Jakub,,Erol,,1941,Zamość,2018,,,Poland,Europe,,,
305,Jarosław Jasiński,Jarosław,,Jasiński,,,,,,,Poland,Europe,,,
306,Jan Młodożeniec,Jan,,Młodożeniec,,,,,,,Poland,Europe,,,
307,Janusz Trzebiatowski,Janusz,,Trzebiatowski,,,,,,,Poland,Europe,,,
308,"Jaime de Angulo, From Coyote Man and Old Doctor Loon",Jaime,,de Angulo,,,,,,,,,,,
309,Jaime Muñoz,Jaime,,Muñoz,,,,,,,Colombia,America (South),,,
310,Jakob Schneidewind,Jakob,,Schneidewind,,,,,,,,Europe,,,
311,Jana Wisniewski,Jana,,Wisniewski,,,,,,,,,,,
312,Jeannot Schwartz,Jeannot,,Schwartz,,,,,,,,,,,
313,Jennifer Margarita Lagos López,Jennifer Margarita,,Lagos López,,,,,,,,,,,
314,Jens Tomkowitz,Jens,,Tomkowitz,,,,,,,,Europe,,,
315,Jeon Hyeong-Yeol,Jeon,,Hyeong-Yeol,,,,,,,South Korea,Asia,,,
316,Jeong Shin-Kong,Jeong,,Shin-Kong,,,,,,,,,,,
317,Jerónimo Lira,Jerónimo,,Lira,,,,,,,,,,,
318,Jikrgi Libovac,Jikrgi,,Libovac,,,,,,,,,,,
319,Jochen Höller,Jochen,,Höller,,,,,,,,Europe,,,
320,Joe & Andrew,,,,Joe & Andrew,,,,,,,,,,
321,Jogi Hofmüller,Jogi,,Hofmüller,,,,,,Graz,Austria,Europe,,,
322,Johanna Glösl,Johanna,,Glösl,,1982,Bad Ischl,,,Vienna,Austria,Europe,,,
323,Johannes Heuer,Johannes,,Heuer,,,,,,,,Europe,,,
324,Johannes Stöckler,Johannes,,Stöckler,,,,,,,,Europe,,,
325,John Preininger,John,,Preininger,,,,,,,,Europe,,,
326,Jörg Klauber,Jörg,,Klauber,,,,,,,,Europe,,,
327,Jorge Lepez Vela,Jorge,,Lepez Vela,,,,,,,,,,,
328,José Iges,José,,Iges,,,,,,,,,,,
329,José Manuel Pintado,José Manuel,,Pintado,,,,,,,,,,,
330,José Montealegre,José,,Montealegre,,,,,,,,,,,
331,José Raúl Pérez,José Raúl,,Pérez,,,,,,,,,,,
332,Josef Dabernig,Josef,,Dabernig,,,,,,,,Europe,,,
333,Josef Flois,Josef,,Flois,,,,,,,,Europe,,,
334,Josef Fürpass,Josef,,Fürpass,,,,,,,,Europe,,,
335,Juan Carlos Mendoza,Juan Carlos,,Mendoza,,,,,,,,,,,
336,Juana López Meza,Juana,,López Meza,,,,,,,,,,,
337,Judith Fegerl,Judith,,Fegerl,,,,,,,,Europe,,,
338,Julian Feyerabend,Julian,,Feyerabend,,,,,,,,Europe,,,
339,Julie Monaco,Julie,,Monaco,,,,,,,,,,,
340,Jun Youn-Li,Jun,,Youn-Li,,,,,,,South Korea,Asia,,,
341,Jung In-Wan,Jung,,In-Wan,,,,,,,South Korea,Asia,,,
342,Jürgen Schiefer,Jürgen,,Schiefer,,,,,,,,Europe,,,
343,Jutta Zniva,Jutta,,Zniva,,,,,,Graz,Austria,Europe,,,
344,Krzysztof Bednarski,Krzysztof,,Bednarski,,,,,,,Poland,Europe,,,
345,Krzysztof Grzesiak,Krzysztof,,Grzesiak,,,,,,,Poland,Europe,,,
346,Karol Śliwka,Karol,,Śliwka,,,,,,,Poland,Europe,,,
347,Krzysztof Tyczkowski,Krzysztof,,Tyczkowski,,,,,,,Poland,Europe,,,
348,Kang Chang-Yul,Kang,,Chang-Yul,,,,,,,South Korea,Asia,,,
349,Kang Jung-Hyun,Kang,,Jung-Hyun,,,,,,,South Korea,Asia,,,
350,Kang Ku-Won,Kang,,Ku-Won,,,,,,,South Korea,Asia,,,
351,Kang Kyung-Gu,Kang,,Kyung-Gu,,,,,,,South Korea,Asia,,,
352,Karl Grünling,Karl,,Grünling,,,,,,,,Europe,,,
353,Karl Heinz Dicht,Karl Heinz,,Dicht,,,,,,,,Europe,,,
354,Karl Hikade,Karl,,Hikade,,,,,,,,Europe,,,
355,Karl Schmoll,Karl,,Schmoll,,,,,,,,Europe,,,
356,Karl Stocker,Karl,,Stocker,,,,,,,,Europe,,,
357,Karl Wilhelm Krbavac,Karl Wilhelm,,Krbavac,,,,,,,,Europe,,,
358,Karl-Heinz Bloyer,Karl-Heinz,,Bloyer,,,,,,,,Europe,,,
359,Kartell Graz,,,,Kartell Graz,,,,,,,Europe,,,
360,Katarina Juvančič,Katarina,,Juvančič,,,,,,,,Europe,,,
361,Katarina Pejovic,Katarina,,Pejovic,,,,,,,,Europe,,,
362,Katharina Bürgin,Katharina,,Bürgin,,,,,,,,Europe,,,
363,Katharina Mraček-Gabalier,Katharina,,Mraček-Gabalier,,,,,,,,Europe,,,
364,Katharina Riese,Katharina,,Riese,,,,,,,,Europe,,,
365,Kaye Mortley,Kaye,,Mortley,,,,,,,,,,,
366,Keneth Martínez López,Keneth,,Martínez López,,,,,,,,,,,
367,Kim Cheol-Woo,Kim,,Cheol-Woo,,,,,,,South Korea,Asia,,,
368,Kim Hae-Dong,Kim,,Hae-Dong,,,,,,,South Korea,Asia,,,
369,Kim In-Ha,Kim,,In-Ha,,,,,,,South Korea,Asia,,,
370,Kim Joung-Soo,Kim,,Joung-Soo,,,,,,,South Korea,Asia,,,
371,Kim Keun-Tai,Kim,,Keun-Tai,,,,,,,South Korea,Asia,,,
372,Kim Ki-Kwon,Kim,,Ki-Kwon,,,,,,,South Korea,Asia,,,
373,Kim Kwang-Hyun,Kim,,Kwang-Hyun,,,,,,,South Korea,Asia,,,
374,Kim Moon-Hoe,Kim,,Moon-Hoe,,,,,,,South Korea,Asia,,,
375,Kim Sun,Kim,,Sun,,,,,,,South Korea,Asia,,,
376,Kim Young-Sou,Kim,,Young-Sou,,,,,,,South Korea,Asia,,,
377,Kim Yun-Hoon,Kim,,Yun-Hoon,,,,,,,South Korea,Asia,,,
378,Klaus Lippitsch,Klaus,,Lippitsch,,,,,,,,Europe,,,
379,Klaus Obermaier,Klaus,,Obermaier,,,,,,,,Europe,,,
380,Klemens Pliem,Klemens,,Pliem,,,,,,,,Europe,,,
381,Kolonie Wedding,,,,Kolonie Wedding,,,,,,,Europe,,,
382,kompott,,,,kompott,,,,,,,Europe,,,
383,Konstantin Zvezdochotov,Konstantin,,Zvezdochotov,,1958,Moscow,,,,Russia,Europe,,,
384,kozek hörlonski,,,,kozek hörlonski,,,,,Vienna,Austria,Europe,,,
385,Krzysztof Malachowski,Krzysztof,,Malachowski,,,,,,,Poland,Europe,,,
386,kultuuritehas polymer,,,,kultuuritehas polymer,,,,,Tallinn,Estonia,Europe,,,
387,Künstlergruppe Piedra del Sol (A/MEX),,,,Künstlergruppe Piedra del Sol,,,,,,,Europe,,,
388,Kurt Bauer,Kurt,,Bauer,,,,,,,,Europe,,,
389,Kurt Strohmeier,Kurt,,Strohmeier,,,,,,,,Europe,,,
390,Kvartet 4 U (Rož),,,,Kvartet 4 U (Rož),,,,,Rož/Rosental,Austria,Europe,,,
391,Leszek Drzewiński,Leszek,,Drzewiński,,,,,,,Poland,Europe,,,
392,Label niesom,,,,Label niesom,,,,,,,Europe,,,
393,Lale Rodgarkia-Dara,Lale,,Rodgarkia-Dara,,,,,,,,Europe,,,
394,Lalo Srkalovic,Lalo,,Srkalovic,,,,,,,,Europe,,,
395,Lamia Jabri,Lamia,,Jabri,,,,,,Austria,Germany,Europe,,,
396,Larissa Lasareva,Larissa,,Lasareva,,,,,,,,Europe,,,
397,Larissa Zvezdochotova,Larissa,,Zvezdochotova,,1958,Odessa,,,,Ukraine,Europe,,,
398,László Darvasi,László,,Darvasi,,1962,Törökszentmiklós,,,,Hungary,Europe,,,
399,László Garaczi,László,,Garaczi,,1956,Budapest,,,,Hungary,Europe,,,
400,László Varvasovszky,László,,Varvasovszky,,1947,Vienna,,,Vienna,Austria,Europe,,,
401,Lawrence Weiner (†),Lawrence,,Weiner,,1942,New York,2021,,New York,USA,America (North),,,
402,Leana Yamileth López Álvarez,Leana Yamileth,,López Álvarez,,,,,,,,America (Central),,,
403,Leandro Remigio López Meza,Leandro Remigio,,López Meza,,,,,,,,America (Central),,,
404,Lee Byung-Chun,Lee,,Byung-Chun,,,,,,,South Korea,Asia,,,
405,Lee Doo-Seop,Lee,,Doo-Seop,,,,,,,South Korea,Asia,,,
406,Lee Hang,Lee,,Hang,,,,,,,South Korea,Asia,,,
407,Lee Jai-Min,Lee,,Jai-Min,,,,,,,South Korea,Asia,,,
408,Lee Jin-Dong,Lee,,Jin-Dong,,,,,,,South Korea,Asia,,,
409,Lee Jong-Sun,Lee,,Jong-Sun,,,,,,,South Korea,Asia,,,
410,Lee Joo-Sung,Lee,,Joo-Sung,,,,,,,South Korea,Asia,,,
411,Lee Joung-Gun,Lee,,Joung-Gun,,,,,,,South Korea,Asia,,,
412,Lee Jung-Hoon,Lee,,Jung-Hoon,,,,,,,South Korea,Asia,,,
413,Lee Keun-Myung,Lee,,Keun-Myung,,,,,,,South Korea,Asia,,,
414,Lee Kwang-Soo,Lee,,Kwang-Soo,,,,,,,South Korea,Asia,,,
415,Lee Moon-Soo,Lee,,Moon-Soo,,,,,,,South Korea,Asia,,,
416,Lee Won-Il,Lee,,Won-Il,,,,,,,South Korea,Asia,,,
417,Leo Hainzl,Leo,,Hainzl,,1968,Bruck/Mur,,,,Austria,Europe,,,
418,Leo Kreisel-Strausz (†),Leo,,Kreisel-Strausz,,1961,Graz,2023,,Graz,Austria,Europe,,,
419,Leon Hainzl & Gertraud Hasselbach,,,,Leon Hainzl & Gertraud Hasselbach,,,,,,,Europe,,,
420,Leonel Cerrato Jirón,Leonel,,Cerrato Jirón,,,,,,,Nicaragua,America (Central),,,
421,Léster Lagos López,Léster,,Lagos López,,,,,,,Nicaragua,America (Central),,,
422,Lidia Zielińska,Lidia,,Zielińska,,,,,,,,Europe,,,
423,Lidija Radojević,Lidija,,Radojević,,,,,,Graz,Slovenia,Europe,,,
424,Liesl Ujvary,Liesl,,Ujvary,,,,,,,,Europe,,,
425,Lina Gärtner,Lina,,Gärtner,,,,,,,,Europe,,,
426,LONESOME HOT DUDES,,,,LONESOME HOT DUDES,,,,,,,Europe,,,
427,Lorena Campbell,Lorena,,Campbell,,,,,,,,Europe,,,
428,Lorenzo Armendáriz,Lorenzo,,Armendáriz,,1961,,,,,Mexico,America (North),,,
429,Lothar Lässer,Lothar,,Lässer,,1961,Bregenz,,,,Austria,Europe,,,
430,Lotte Lyon,Lotte,,Lyon,,,,,,,,Europe,,,
431,Luis E. FalconiI,Luis E.,,FalconiI,,,,,,,,,,,
432,Luis Lupone,Luis,,Lupone,,,,,,,,,,,
433,Luka Ropret,Luka,,Ropret,,,,,,,,Europe,,,
434,Lukas Cejpek,Lukas,,Cejpek,,1956,Vienna,,,Vienna,Austria,Europe,,,
435,M&S Architects – Uta Lambrette,Uta,,Lambrette,M&S Architects,,,,,,,Europe,,,
436,Mieczyslaw Górowski (†),Mieczyslaw,,Górowski,,1941,Miłkowa,2011,,,Poland,Europe,,,
437,Maciej Majewski,Maciej,,Majewski,,1977,Rybnik,,,,Poland,Europe,,,
438,Mads Westrup,Mads,,Westrup,,1984,,,,,Denmark,Europe,,,
439,Mag. Birgit Lesjak-Ladstaetter,Birgit,,Lesjak-Ladstaetter,,,,,,,Austria,Europe,,,
440,Magdalena Gasser,Magdalena,,Gasser,,,,,,,,Europe,,,
441,Maia Gusberti,Maia,,Gusberti,,,,,,,,,,,
442,Máisara Natividad López Meza,Máisara Natividad,,López Meza,,,,,,,,,,,
443,Maja Osojnik,Maja,,Osojnik,,,,,,,,Europe,,,
444,Maksim Stolpovski,Maksim,,Stolpovski,,,,,,,,Europe,,,
445,Malis Stöger,Malis,,Stöger,,1978,Graz,,,,Austria,Europe,,,
446,Manfred Engelmayr,Manfred,,Engelmayr,,1972,Wels,,,,Austria,Europe,,,
447,Manfred Kummer,Manfred,,Kummer,,1962,,,,,Austria,Europe,,,
448,Manfred Stern,Manfred,,Stern,,1962,Judenburg,,,,Austria,Europe,,,
449,Manuela Froudarakis,Manuela,,Froudarakis,,1960,Mistelbach,,,,Austria,Europe,,,
450,Margit Franz,Margit,,Franz,,,,,,,,Europe,,,
451,Margit Maure,Margit,,Maure,,,,,,,,Europe,,,
452,Margret Kreidl,Margret,,Kreidl,,1964,Salzburg,,,Vienna,Austria,Europe,,,
453,Maria Hubinger,Maria,,Hubinger,,1966,Kirchdorf/Krems,,,,Austria,Europe,,,
454,Maria Slovakova,Maria,,Slovakova,,,,,,,Austria,Europe,,,
455,Mariana Rosenberg,Mariana,,Rosenberg,,,,,,,Austria,Europe,,,
456,Marianna Dellekamp,Marianna,,Dellekamp,,,,,,,Austria,Europe,,,
457,Marilyn Collins,Marilyn,,Collins,,,,,,,Austria,Europe,,,
458,Mario Mitzka,Mario,,Mitzka,,,,,,,Austria,Europe,,,
459,Marko Maric,Marko,,Maric,,,,,,,Austria,Europe,,,
460,Markus Dorner,Markus,,Dorner,,,,,,,Austria,Europe,,,
461,Markus Gfrerer,Markus,,Gfrerer,,,,,,,Austria,Europe,,,
462,Markus Haslinger,Markus,,Haslinger,,,,,,,Austria,Europe,,,
463,Markus Pieber,Markus,,Pieber,,,,,,,Austria,Europe,,,
464,Markus Stieber,Markus,,Stieber,,,,,,,Austria,Europe,,,
465,Marlene Haring,Marlene,,Haring,,,,,,,Austria,Europe,,,
466,Marlene Persch,Marlene,,Persch,,,,,,,Austria,Europe,,,
467,Martin Breindl,Martin,,Breindl,,,,,,,Austria,Europe,,,
468,Martin Dickinger,Martin,,Dickinger,,,,,,,Austria,Europe,,,
469,Martin G.Wanko,Martin G.,,Wanko,,,,,,,Austria,Europe,,,
470,Martin Honzik mit Pferd Bibi,,,,Martin Honzik mit Pferd Bibi,,,,,,Austria,Europe,,,
471,Martin Plass,Martin,,Plass,,,,,,,Austria,Europe,,,
472,Martin Zrost,Martin,,Zrost,,,,,,,Austria,Europe,,,
473,Martina Cizek,Martina,,Cizek,,,,,,,Austria,Europe,,,
474,Maryluz Álvarez,Maryluz,,Álvarez,,,,,,,Colombia,America (South),,,
475,Matej Bundela-Havaj,Matej,,Bundela-Havaj,,,,,,,,Europe,,,
476,Mathias Fuchs,Mathias,,Fuchs,,,,,,,,Europe,,,
477,Mathias Loibner,Mathias,,Loibner,,,,,,,,Europe,,,
478,Matjaž Pikalo,Matjaž,,Pikalo,,,,,,,,Europe,,,
479,Matthias Bernhard,Matthias,,Bernhard,,1985,Kitzbühel,,,,Austria,Europe,,,
480,Maxwell Sibanda,Maxwell,,Sibanda,,,,,,,,,,,
481,Michael Bergbaur,Michael,,Bergbaur,,,,,,,,Europe,,,
482,Michael Fanta,Michael,,Fanta,,1989,Graz,,,,Austria,Europe,,,
483,Michael Geyersbach,Michael,,Geyersbach,,,,,,,,Europe,,,
484,Michaela Hampala (Museum der Wahrnehmung),Michaela,,Hampala,Museum der Wahrnehmung,,,,,,,Europe,,,
485,Michaela Niederkircher,Michaela,,Niederkircher,,,,,,,,Europe,,,
486,Michele Spanghero,Michele,,Spanghero,,,,,,,,,,,
487,Miguel Ángel Morales,Miguel Ángel,,Morales,,,,,,,,,,,
488,mik,,,,mik,,,,,,,Europe,,,
489,Milo Strauss,Milo,,Strauss,,,Graz,,,"Graz, Klagenfurt",Austria,Europe,,,
490,Mir Mar,,,,Mir Mar,,,,,,,,,,
491,Mira Palmisano,Mira,,Palmisano,,,,,,,,Europe,,,
492,Miriam Bajtala,Miriam,,Bajtala,,,,,,,,Europe,,,
493,Mirko Marić,Mirko,,Marić,,1949,Zenica (BiH),,,Graz,BiH,Europe,,,
494,Misrad Šehic,Misrad,,Šehic,,,,,,,,Europe,,,
495,Moisés Mora,Moisés,,Mora,,,,,,,,,,,
496,Moke Klengel,Moke,,Klengel,,,,,,,,Europe,,,
497,Monika Kummer-Pretterhofer,Monika,,Kummer-Pretterhofer,,,,,,,,Europe,,,
498,Moreno Miorelli,Moreno,,Miorelli,,,,,,,,,,,
499,Moucle Blackout,Moucle,,Blackout,,1935,Prague,,,Vienna,,Europe,,,
500,mur.at–initiative netzkultur,,,,mur.at–initiative netzkultur,,,,,,Austria,Europe,,,
501,Mustafa Gül,Mustafa,,Gül,,,,,,,,,,,
502,Mustafa Skopljak (†),Mustafa,,Skopljak,,1947,Kotor Varoš (BiH),2015,Sarajevo,,BiH,Europe,,,
503,N.N./Erfahrungen aus dem Wagenplatz-Umfeld (Wien),,,,N.N./Erfahrungen aus dem Wagenplatz-Umfeld (Wien),,,,,Vienna,Austria,Europe,,,
504,Nadja Folger,Nadja,,Folger,,,,,,,,Europe,,,
505,Natalia Pschenitschnikowa,Natalia,,Pschenitschnikowa,,,,,,,,Europe,,,
506,Nataša Konzilia,Nataša,,Konzilia,,,,,,,,Europe,,,
507,Natascha Varonitsina Varona,Natascha Varonitsina,,Varona,,,,,,,,Europe,,,
508,Natividad de la Concepción Meza Alvarado,Natividad de la Concepción,,Meza Alvarado,,,,,,,,,,,
509,Nedim Ademovic,Nedim,,Ademovic,,,,,,,,Europe,,,
510,Nestor Bravo,Nestor,,Bravo,,,,,,,,,,,
511,Nick Acorne,Nick,,Acorne,,,,,,,,,,,
512,Nicole Pruckermayr,Nicole,,Pruckermayr,,,,,,,,Europe,,,
513,Nicole Six,Nicole,,Six,,,,,,,,,,,
514,Nikita Alexejev,Nikita,,Alexejev,,,,,,,,,,,
515,nomadenetappe,,,,nomadenetappe,,,,,,,Europe,,,
516,Nora Bachel,Nora,,Bachel,,,,,,,,Europe,,,
517,Norbert Math,Norbert,,Math,,,,,,,,Europe,,,
518,Nusret Pašić,Nusret,,Pašić,,1951,Sarajevo,,,,BiH,Europe,,,
519,Oskar Humer,Oskar,,Humer,,,,,,,,,,,
520,Oskar Necoechea,Oskar,,Necoechea,,,,,,,,,,,
521,Osvaldo Cibils,Osvaldo,,Cibils,,,,,,,,,,,
522,Oswald Oberhuber,Oswald,,Oberhuber,,,,,,,,Europe,,,
523,Pablo Morales y su hija Rosa Morales,,,,Pablo Morales y su hija Rosa Morales,,,,,,,,,,
524,Paola Korosec,Paola,,Korosec,,,,,,,,,,,
525,Park Byung-Choon,Park,,Byung-Choon,,,,,,,South Korea,Asia,,,
526,Park Jin-Yong,Park,,Jin-Yong,,,,,,,South Korea,Asia,,,
527,Park Mi-Jung,Park,,Mi-Jung,,,,,,,South Korea,Asia,,,
528,Park Mi-Sun,Park,,Mi-Sun,,,,,,,South Korea,Asia,,,
529,Park Yong-Sun,Park,,Yong-Sun,,,,,,,South Korea,Asia,,,
530,Park Yong-Woon,Park,,Yong-Woon,,,,,,,South Korea,Asia,,,
531,Patricia Lagarde,Patricia,,Lagarde,,,,,,,,,,,
532,Patricia Van Dalen,Patricia,,Van Dalen,,,,,,,,,,,
533,Patrick Dunst,Patrick,,Dunst,,,,,,,,,,,
534,Paul Petritsch,Paul,,Petritsch,,,,,,,,,,,
535,Paul Skrepek,Paul,,Skrepek,,,,,,,Austria,Europe,,,
536,peanutz architekten,,,,peanutz architekten,,,,,,,,,,
537,Pedro Joaquín Losa,Pedro Joaquín,,Losa,,,,,,,,,,,
538,"Personen aus Wissenschaft, Kunst und Handwerk",,,,"Personen aus Wissenschaft, Kunst und Handwerk",,,,,,Austria,Europe,,,
539,Peter Battisti,Peter,,Battisti,,,,,,,,,,,
540,Peter Sandbichler,Peter,,Sandbichler,,,,,,,,Europe,,,
541,Petra Kohlenprath,Petra,,Kohlenprath,,,,,,,,Europe,,,
542,Petra Leschanz,Petra,,Leschanz,,,,,,,,Europe,,,
543,Petra Music,Petra,,Music,,,,,,,,,,,
544,Pia Elizondo,Pia,,Elizondo,,,,,,,,,,,
545,Pierre Doze,Pierre,,Doze,,,,,,,,,,,
546,Pierre Octave Poulin,Pierre Octave,,Poulin,,,,,,,,,,,
547,PITCHES CREW,,,,PITCHES CREW,,,,,,,,,,
548,Pixie,,,,Pixie,,,,,,,,,,
549,pixlel hotel,,,,pixlel hotel,,,,,,,,,,
550,Plattform Kunst ~ Öffentlichkeit,,,,Plattform Kunst ~ Öffentlichkeit,,,,,,,,,,
551,Prima & Fagot,,,,Prima & Fagot,,,,,,,,,,
552,Projekt Transfair „the golden roof” (Zwischenstand),,,,Projekt Transfair „the golden roof” (Zwischenstand),,,,,,,,,,
553,Proton Group,,,,Proton Group ,,,,,,,,,,
554,Radio Freistadt,,,,Radio Freistadt,,,,,,,Europe,,,
555,Radio Fro,,,,Radio Fro ,,,,,,,Europe,,,
556,"Radio Helsinki FM 92,6",,,,"Radio Helsinki FM 92,6",,,,,,Austria,Europe,,,
557,Rainer Ganahl,Rainer,,Ganahl,,,,,,,,Europe,,,
558,Rainer Gottemeier,Rainer,,Gottemeier,,,,,,,,Europe,,,
559,Rainer Possert,Rainer,,Possert,,1950,Salzburg,,,,Austria,Europe,,,
560,Rajiv Joshi,Rajiv,,Joshi,,,,,,,,,,,
561,Ralf Thon,Ralf,,Thon,,,,,,,,Europe,,,
562,Raschid Mohammad,Raschid,,Mohammad,,,,,,,,,,,
563,raumlaborberlin,,,,raumlaborberlin,,,,,,,Europe,,,
564,Raumschiff Engelmayr,,,,Raumschiff Engelmayr,,,,,,,Europe,,,
565,Raymundo Sesma,Raymundo,,Sesma,,,,,,,,Europe,,,
566,"rbw21 (Fritz Fro, Gue Schmidt)",,,,"rbw21 (Fritz Fro, Gue Schmidt)",,,,,,,Europe,,,
567,Regula Dettwiler,Regula,,Dettwiler,,,,,,,,Europe,,,
568,Reinhard Handl,Reinhard,,Handl,,,,,,,,Europe,,,
569,Reinhard Winkler,Reinhard,,Winkler,,,,,,,,Europe,,,
570,Reinhold Leitner,Reinhold,,Leitner,,,,,,,,Europe,,,
571,Reinhold Schachner,Reinhold,,Schachner,,,,,,,,Europe,,,
572,REIS,,,,REIS,,,,,,,Europe,,,
573,Renate Eisenegger,Renate,,Eisenegger,,,,,,,,Europe,,,
574,Renate Rosenbauer,Renate,,Rosenbauer,,,,,,,,Europe,,,
575,Renato Weinberger,Renato,,Weinberger,,,,,,,,,,,
576,René Eisenegger,René,,Eisenegger,,,,,,,,Europe,,,
577,Reni Hofmüller,Reni,,Hofmüller,,1966,Hall in Tirol,,,Graz,Austria,Europe,,,
578,Resul Demir,Resul,,Demir,,,,,,,,,,,
579,RHIZOM,,,,RHIZOM,,,,,,Austria,Europe,,,
580,RHIZOM / tokyo – lijiang – graz – managua,,,,RHIZOM / tokyo – lijiang – graz – managua,,,,,,,,,,
581,"RHIZOM 1996: Christian Bachler, Leo Kreisel",,,,"RHIZOM 1996: Christian Bachler, Leo Kreisel",,,,,,Austria,Europe,,,
582,"RHIZOM 2014: Mirko Maric, Angelika Thon, H.J. Schubert, Leo Kreisel-Strausz",,,,"RHIZOM 2014: Mirko Maric, Angelika Thon, H.J. Schubert, Leo Kreisel-Strausz",,,,,,Austria,Europe,,,
583,RHIZOM in Kooperation mit steirischer herbst (Veronika Kaup-Hasler als Intendantin),,,,RHIZOM in Kooperation mit steirischer herbst (Veronika Kaup-Hasler als Intendantin),,,,,,Austria,Europe,,,
584,RHIZOM kollektiv,,,,RHIZOM kollektiv,,,,,,Austria,Europe,,,
585,Ricardo Martínez,Ricardo,,Martínez,,,,,,,,,,,
586,Richard Kriesche,Richard,,Kriesche,,,,,,,Austria,Europe,,,
587,Richard Reich,Richard,,Reich,,,,,,,,Europe,,,
588,Richard Winkler,Richard,,Winkler,,,,,,,,Europe,,,
589,Richardas Norvila,Richardas,,Norvila,,,,,,,,,,,
590,Robert Adrian X,Robert,,Adrian X,,,,,,,,,,,
591,Robert Filipini,Robert,,Filipini,,,,,,,,,,,
592,Robert Lepenik,Robert,,Lepenik,,,,,,,,,,,
593,Robert Pfurtscheller,Robert,,Pfurtscheller,,,,,,,,,,,
594,Robert Reinagl,Robert,,Reinagl,,,,,,,,,,,
595,Robert Spour,Robert,,Spour,,,,,,,,,,,
596,Robert Wendl,Robert,,Wendl,,,,,,,,,,,
597,Robert Wolf,Robert,,Wolf,,,,,,,,,,,
598,Robert Zahornicky,Robert,,Zahornicky,,,,,,,,,,,
599,Roberto Cortázar,Roberto,,Cortázar,,,,,,,,,,,
600,Roberto Guillén,Roberto,,Guillén,,,,,,,,,,,
601,Roberto Montoya,Roberto,,Montoya,,,,,,,Colombia,America (South),,,
602,Roberto Paci Dalò,Roberto,,Paci Dalò,,1962,,,,,,,,,
603,Roberto Sarmiento,Roberto,,Sarmiento,,,,,,,,,,,
604,Roland Jörg,Roland,,Jörg,,,,,,,,,,,
605,Rolf Lappert,Rolf,,Lappert,,,,,,,,,,,
606,Romana Hagyo,Romana,,Hagyo,,,,,,,,,,,
607,Rosa Hausleithner,Rosa,,Hausleithner,,,,,,,,,,,
608,Rosa María Morales Palacio,Rosa María,,Morales Palacio,,,,,,,,,,,
609,Roselies Haider,Roselies,,Haider,,,,,,,,,,,
610,Rosmarie Vogt-Rippmann,Rosmarie,,Vogt-Rippmann,,,,,,,,,,,
611,Rostislav Jegorov,Rostislav,,Jegorov,,,,,,,,,,,
612,Roza El-Hassan,Roza,,El-Hassan,,,,,,,,,,,
613,Rudi Klein,Rudi,,Klein,,,,,,,,,,,
614,Rudolf Härdi,Rudolf,,Härdi,,,,,,,,,,,
615,Ru-Feei Cheng,Ru-Feei,,Cheng,,,Taipei,,,Austria,Taiwan,Asia,,,
616,Rupert Huber,Rupert,,Huber,,,,,,,,,,,
617,Ruth Cerha,Ruth,,Cerha,,,,,,,,,,,
618,Stasys Eidrigevičius,Stasys,,Eidrigevičius,,1949,Mediniškiai,,,,Lithuania,Europe,,,
619,Sławomir Iwański,Sławomir,,Iwański,,,,,,,Poland,Europe,,,
620,Said Belfahin Saib,Said,,Belfahin Saib,,,Morocco,,,Graz,Austria,Europe,,,
621,Salim Obralić (†),Salim,,Obralić,,1945,Maglaj (BiH),2018,Sarajevo,,BiH,Europe,,,
622,Salon Brösl,,,,Salon Brösl,,,,,,,Europe,,,
623,Sam Auinger,Sam,,Auinger,,1956,Linz,,,,Austria,Europe,,,
624,Verein zur Erhaltung und Pflege vom Aussterben bedrohter elektromagnetischer Gattungen,,,,Verein zur Erhaltung und Pflege vom Aussterben bedrohter elektromagnetischer Gattungen,,,,,,Austria,Europe,,,
625,Sandra Ziagos,Sandra,,Ziagos,,1973,,,,,Austria,Europe,,,
626,Sanela Pansinger,Sanela,,Pansinger,,,,,,,,Europe,,,
627,Sarah Minter (†),Sarah,,Minter,,1953,Puebla,2016,,,Mexico,America (North),,,
628,SCHLAUCH installation crew,,,,SCHLAUCH installation crew,,,,,,,Europe,,,
629,Schnabl,(unknown),,Schnabl,,,,,,,,Europe,,,
630,Seid Hasanefendić (†),Seid,,Hasanefendić,,1935,Brčko (BiH),2020,,,BiH,Europe,,,
631,Serhat Gül,Serhat,,Gül,,,,,,,,Europe,,,
632,Severin Hirsch,Severin,,Hirsch,,,Celje (SLO),,,,,Europe,,,
633,Shim Jai-Ku,Shim,,Jai-Ku,,,,,,,South Korea,Asia,,,
634,Shin Ho-Chul,Shin,,Ho-Chul,,,,,,,South Korea,Asia,,,
635,Shin Je-Nam,Shin,,Je-Nam,,,,,,,South Korea,Asia,,,
636,Silke Maier-Gamauf,Silke,,Maier-Gamauf,,,,,,,,Europe,,,
637,Silvia Brandl,Silvia,,Brandl,,,,,,,,Europe,,,
638,Simona Koch,Simona,,Koch,,,,,,,,Europe,,,
639,Slobodan Kajkut,Slobodan,,Kajkut,,1983,Banja Luka (BiH),,,Graz,,Europe,,,
640,Socorro López Meza (y su esposo),,,,Socorro López Meza y su esposo,,,,,,,America (Central),,,
641,Solawi Wieserhoisl-Kollektiv,,,,Solawi Wieserhoisl-Kollektiv,,,,,,,Europe,,,
642,Solveig 'Sol' Haring,Solveig,Sol,Haring,,,Graz,,,,Austria,Europe,,,
643,Son Ah-Yoo,Son,,Ah-Yoo,,,,,,,South Korea,Asia,,,
644,Sophie Thun,Sophie,,Thun,,1985,Frankfurt/Main,,,"Vienna, Berlin",,Europe,,,
645,"Sportunion Aigen-Schlägl (Gabriele Pillinger, Manfred Leitner, Johann Engleder) und alle Spieler- und Spielerinnen",,,,"Sportunion Aigen-Schlägl (Gabriele Pillinger, Manfred Leitner, Johann Engleder) und alle Spieler- und Spielerinnen",,,,,,Austria,Europe,,,
646,"Sportunion St. Oswald (Manfred Radinger, Christine Pernsteiner) und alle Spieler- und Spielerinnen",,,,"Sportunion St. Oswald (Manfred Radinger, Christine Pernsteiner) und alle Spieler- und Spielerinnen",,,,,,Austria,Europe,,,
647,Stefanie Sargnagel,Stefanie,,Sargnagel,,1986,Vienna,,,,Austria,Europe,,,
648,Štěpánka Šimlová,Štěpánka,,Šimlová,,1966,Prague,,,,Czech Republic,Europe,,,
649,Stoffl Rath,Christoph,Stoffl,Rath,,1979,Graz,,,,Austria,Europe,,,
650,Sun Jong-Sun,Sun,,Jong-Sun,,,,,,,South Korea,Asia,,,
651,Surur Abdul-Hussain,Surur,,Abdul-Hussain,,,,,,,Austria,Europe,,,
652,Susanna Niedermayr,Susanna,,Niedermayr,,,,,,,,Europe,,,
653,Susanne Gamauf,Susanne,,Gamauf,,,,,,,,Europe,,,
654,Susanne Kavalar,Susanne,,Kavalar,,,,,,,,Europe,,,
655,Susanne Possega,Susanne,,Possega,,,,,,,,Europe,,,
656,Susanne Schuda,Susanne,,Schuda,,,,,,,,Europe,,,
657,Susanne Schwarz,Susanne,,Schwarz,,,,,,,,Europe,,,
658,Sviatoslav Ponomarev,Sviatoslav,,Ponomarev,,,,,,,,Europe,,,
659,Svitlana Zhitnya,Svitlana,,Zhitnya,,,,,,,,Europe,,,
660,Sylvia Eckerman,Sylvia,,Eckerman,,,,,,,,Europe,,,
661,Tomasz Bogusławski,Tomasz,,Bogusławski,,1958,,,,,Poland,Europe,,,
662,Tadeusz Grabowski,Tadeusz,,Grabowski,,,,,,,Poland,Europe,,,
663,Tadeusz Jodłowski,Tadeusz,,Jodłowski,,,,,,,Poland,Europe,,,
664,Tomasz Rumiński,Tomasz,,Rumiński,,,,,,,Poland,Europe,,,
665,Tamara Maric,Tamara,,Maric,,,,,,,,Europe,,,
666,Tanja Peball,Tanja,,Peball,,,Villach,,,Graz,Austria,Europe,,,
667,Tasillo Blittersdorf,Tasillo,,Blittersdorf,,,,,,,,Europe,,,
668,Tatjana Fiedler,Tatjana,,Fiedler,,,,,,,,Europe,,,
669,the planets,,,,the planets,,,,,,Austria,Europe,,,
670,THE STRIGGLES,,,,THE STRIGGLES,,,,,,Austria,Europe,,,
671,Thomas Brussig,Thomas,,Brussig,,,,,,,,Europe,,,
672,Thomas Kuschny,Thomas,,Kuschny,,,,,,,,Europe,,,
673,Thomas Lackner,Thomas,,Lackner,,,,,,,,Europe,,,
674,Tina T./Erfahrungen aus diversen Hausbesetzungen,Tina,,T.,,,,,,,,Europe,,,
675,Tom Feldhofer,Tom,,Feldhofer,,,,,,,,Europe,,,
676,Tom Weghofer,Tom,,Weghofer,,,,,,,,Europe,,,
677,Tomas Hlavina,Tomas,,Hlavina,,,,,,,,Europe,,,
678,Toni Schmale,Toni,,Schmale,,,,,,,,Europe,,,
679,transparadiso,,,,transparadiso,,,,,Vienna,Austria,Europe,,,
680,Trio Pjotr,Trio,,Pjotr,,,,,,,,Europe,,,
681,"Trophäen: Rhizom (Leo Kreisel-Strausz, Christian Bachler)",,,,"Trophäen: Rhizom (Leo Kreisel-Strausz, Christian Bachler)",,,,,,,Europe,,,
682,Tudor Bratu,Tudor,,Bratu,,1977,Bucharest,,,,Romania,Europe,,,
683,Tulio Restrepo,Tulio,,Restrepo,,1958,Medellín,,,Mexico,Colombia,America (South),,,
684,Tym Korça,,,,Tym Korça,,,,,,,Europe,,,
685,u.a.,,,,,,,,,,,Europe,,,
686,Udo Bohnenberger,Udo,,Bohnenberger,,1969,Mainz (D),,,,,Europe,,,
687,Ugo Boscain,Ugo,,Boscain,,1968,Ivrea,,,,Italy,Europe,,,
688,Ulf Langheinrich,Ulf,,Langheinrich,,1960,Wolfen,,,Dresden,Germany,Europe,,,
689,Uli Vonbank-Schedler,Uli,,Vonbank-Schedler,,,,,,,,Europe,,,
690,Ulla Klopf,Ulla,,Klopf,,,,,,,,Europe,,,
691,Ulrich Nausner,Ulrich,,Nausner,,,,,,,,Europe,,,
692,Ulrich Tragatschnig,Ulrich,,Tragatschnig,,,,,,,,Europe,,,
693,Ulrike Rauch,Ulrike,,Rauch,,,,,,,,Europe,,,
694,UNIKUM Universitätskulturzentrum Klagenfurt,,,,UNIKUM Universitätskulturzentrum Klagenfurt,,,,,,,Europe,,,
695,UniT Graz,,,,UniT Graz,,,,,,,Europe,,,
696,unortnung,,,,unortnung,,,,,,,Europe,,,
697,Ursula Kiesling,Ursula,,Kiesling,,1968,Graz,,,Vienna,Austria,Europe,,,
698,Ursula Strauß,Ursula,,Strauß,,,,,,,,Europe,,,
699,Valentina Plach,Valentina,,Plach,,,,,,,,Europe,,,
700,Vanesa Cvahte,Vanesa,,Cvahte,,,,,,,,Europe,,,
701,Veronika Dreier,Veronika,,Dreier,,,,,,,,Europe,,,
702,Vertreter*innen aus dem habiTAT-Netzwerk (A),,,,Vertreter*innen aus dem habiTAT-Netzwerk (A),,,,,,,Europe,,,
703,Vertreter*innen Cambium – Leben in Gemeinschaft (Fehring),,,,Vertreter*innen Cambium – Leben in Gemeinschaft (Fehring),,,,,,,Europe,,,
704,Vertreter*innen SchloR (Wien),,,,Vertreter*innen SchloR (Wien),,,,,,,Europe,,,
705,Vertreter*innen Willy*Fred (Linz),,,,Vertreter*innen Willy*Fred (Linz),,,,,,,Europe,,,
706,Victor Gayol,Victor,,Gayol,,,,,,,,Europe,,,
707,Viktor Snessar,Viktor,,Snessar,,,,,,,,Europe,,,
708,Viktoria Tremmel,Viktoria,,Tremmel,,,,,,,,Europe,,,
709,Vladimir Abramovitsch Dubner,Vladimir Abramovitsch,,Dubner,,,,,,,,Europe,,,
710,Wacław Klag,Wacław,,Klag,,,,,,,Poland,Europe,,,
711,Mieczysław Kościelniak,Mieczysław,,Kościelniak,,,,,,,Poland,Europe,,,
712,Władysław Pluta,Władysław,,Pluta,,,,,,,Poland,Europe,,,
713,Wiktor Sadowski,Wiktor,,Sadowski,,,,,,,Poland,Europe,,,
714,Waldemar Świerzy,Waldemar,,Świerzy,,,,,,,Poland,Europe,,,
715,Wiesław Wałkuski,Wiesław,,Wałkuski,,,,,,,Poland,Europe,,,
716,W. Wasilewski,W.,,Wasilewski,,,,,,,Poland,Europe,,,
717,W. Wiedeński,W.,,Wiedeński,,,,,,,Poland,Europe,,,
718,Wally Salner,Wally,,Salner,,1971,Galtür,,,,Austria,Europe,,,
719,Walther Moser,Walther,,Moser,,,Salzburg,,,,Austria,Europe,,,
720,Warren Burt,Warren,,Burt,,1949,Baltimore/Maryland,,,,USA,America (North),,,
721,Wenzel Mraček,Wenzel,,Mraček,,1962,Klagenfurt,,,Graz,Austria,Europe,,,
722,wenzel-dnatek (derhunt+ddkern),,,,wenzel-dnatek (derhunt+ddkern),,,,,,,Europe,,,
723,Werner Fenz (†),Werner,,Fenz,,1944,,2016,,,,Europe,,,
724,Werner Hörtner (†),Werner,,Hörtner,,1948,Innsbruck,2015,,Vienna,Austria,Europe,,,
725,Werner Kothgasser,Werner,,Kothgasser,,,,,,,Austria,Europe,,,
726,Werner Lang,Werner,,Lang,,,,,,,,Europe,,,
727,Werner Reiss,Werner,,Reiss,,,,,,,,Europe,,,
728,Werner Würtinger,Werner,,Würtinger,,,,,,,,Europe,,,
729,Whang Hyo-Chang,Whang,,Hyo-Chang,,,,,,,South Korea,Asia,,,
730,Winfried Ritsch,Winfried,,Ritsch,,1964,,,,,Austria,Europe,,,
731,Wolfgang Denk (†),Wolfgang,,Denk,,1947,,2023,,,Austria,Europe,,,
732,Wolfgang Musil,Wolfgang,,Musil,,1958,,,,,Austria,Europe,,,
733,Wolfgang Oeggl,Wolfgang,,Oeggl,,,,,,,Austria,Europe,,,
734,Wolfgang Purtscheller,Wolfgang,,Purtscheller,,,,,,,Austria,Europe,,,
735,Wolfgang Sohm,Wolfgang,,Sohm,,,,,,,Austria,Europe,,,
736,Wolfram Scheucher,Wolfram,,Scheucher,,1958,,,,,Austria,Europe,,,
737,Wuggi Dopler,Martin,Wuggi,Dopler,,,,,,,Austria,Europe,,,
738,XXKunstkabel,,,,XXKunstkabel,,,,,,Austria,Europe,,,
739,Yamileth del Socorro Álvarez,Yamileth del Socorro,,Álvarez,,,,,,,,America (Central),,,
740,Yasuko Ueda,Yasuko,,Ueda,,,,,,,Japan,Asia,,,
741,Yeom Moon-Sun,Yeom,,Moon-Sun,,,,,,,South Korea,Asia,,,
742,Yoo Tai-Su,Yoo,,Tai-Su,,,,,,,South Korea,Asia,,,
743,Yusri Raman,Yusri,,Raman,,,,,,,Indonesia,Asia,,,
744,Zita Oberwalder,Zita,,Oberwalder,,1958,Leisach/Osttirol,,,Graz,Austria,Europe,,,
